Name,GivenName,Surname,DisplayName,SAMAccountName,Description,Rolls
David Guy,David,Guy,Dave R. Guy,Dave,Customer Appreciation Manager,Student
Alfredo Fettucine,Alfredo,Fettuccine,Alfie NoNose,Alfie,Shop Foreman,Student
Stanley Behr,Stanley,Behr,Stanley T. Behr, Stanley,Webmaster ,Teacher
Priscilla Catz,Priscilla,Catz,Dame Priscilla,Priscilla,Shop Steward,Student
Harold Catz,Harold,Catz,Harold S. Catz,Harold,Engineering Manager,Teacher
William Wallace,William,Wallace,Sir William Wallace,Wally,Marketing Manager,Teacher
Trey Barksdale,Trey,Barksdale,Lord Barksalot,Trey,Sales Manager,Teacher
Charlie Russel,Charlie,Russel,Charlie Russel,Charlie,SuperUser Account,Student
